{"cameraMode":{"drawMode":0,"name":"Shaded","section":"Shading Mode"},"sceneLighting":true,"audioPlay":false,"sceneViewState":{"m_AlwaysRefresh":false,"showFog":true,"showSkybox":true,"showFlares":true,"showImageEffects":true,"showParticleSystems":true,"showVisualEffectGraphs":true,"m_FxEnabled":true},"in2DMode":false,"pivot":{"x":209.03494262695313,"y":836.9214477539063,"z":29.297271728515626},"rotation":{"x":0.029685603454709054,"y":-0.005400011781603098,"z":-0.0001603564596734941,"w":-0.9995467066764832},"size":139.71754455566407,"orthographic":false}