{"cameraMode":{"drawMode":0,"name":"Shaded","section":"Shading Mode"},"sceneLighting":true,"audioPlay":false,"sceneViewState":{"m_AlwaysRefresh":false,"showFog":true,"showSkybox":true,"showFlares":true,"showImageEffects":true,"showParticleSystems":true,"showVisualEffectGraphs":true,"m_FxEnabled":true},"in2DMode":false,"pivot":{"x":397.49468994140627,"y":303.81951904296877,"z":153.855712890625},"rotation":{"x":-0.028510035946965219,"y":-0.1428527683019638,"z":0.004116635303944349,"w":-0.9893255233764648},"size":434.2324523925781,"orthographic":false}