{"cameraMode":{"drawMode":0,"name":"Shaded","section":"Shading Mode"},"sceneLighting":true,"audioPlay":false,"sceneViewState":{"m_AlwaysRefresh":false,"showFog":true,"showSkybox":true,"showFlares":true,"showImageEffects":true,"showParticleSystems":true,"showVisualEffectGraphs":true,"m_FxEnabled":true},"in2DMode":false,"pivot":{"x":573.491943359375,"y":606.0064697265625,"z":-14.43896484375},"rotation":{"x":-0.019808420911431314,"y":0.0020972825586795809,"z":-0.00004180560426902957,"w":-0.9998048543930054},"size":396.83978271484377,"orthographic":true}